{"model":"material.sku","columns":["__restore_data","created_at","deleted_at","detail","fin_price","id","images","material_id","price","sku_sn","specs","status","stock","tax_price","tax_rate","unit","updated_at"],"values":[[null,"2022-06-23T14:41:40",null,null,"100.00",1,null,1,"95.00","10000001","{\"高度\": 450}","在产",100,"100.00","0.05","件",null],[null,"2022-06-23T14:41:40",null,null,"100.00",2,null,2,"95.00","20000001","{\"高度\": 250}","在产",100,"100.00","0.05","件",null],[null,"2022-06-23T14:41:40",null,null,"100.00",3,null,2,"95.00","20000002","{\"高度\": 350}","在产",100,"100.00","0.05","件",null],[null,"2022-06-23T14:41:40",null,null,"100.00",4,null,2,"95.00","20000003","{\"高度\": 450}","在产",100,"100.00","0.05","件",null],[null,"2022-06-23T14:44:01",null,null,null,5,null,13,null,"13000005","{\"规格\": \"1\"}","在产",100,null,null,null,"2022-06-23T14:44:01"],[null,"2022-06-23T14:44:21",null,null,null,6,"null",13,null,"13000006","{\"规格\": \"23\"}","在产",100,null,null,null,"2022-06-23T14:44:26"]]}