{"model":"xiang.user","columns":["__restore_data","created_at","deleted_at","email","extra","id","idcard","key","mobile","name","password","password2nd","secret","status","type","updated_at"],"values":[[null,"2022-06-23T14:41:39",null,"xiang@iqka.com","{\"sex\": \"男\"}",1,null,"8304925176",null,"管理员","$2a$04$T9lMAT.lXup1V4FpB2B1RuZL8acZmlQZkUlwOcL.TMgkj0J6gKq7m",null,"DFA9FCA03FC160993B81A921B5E4EC4AD4DD0502A876EE12C1A350EB0C0321D76F253E665F589DCCB29A17F5D4FB268E","enabled","admin",null],[null,"2022-06-23T14:41:39",null,"staff@iqka.com","{\"sex\": \"女\"}",2,null,null,null,"员工","$2a$04$YGq8DSiVNM.8iOihWDKmEOVof5kq3rCKpo/.obACphD2DX29dDegO",null,null,"enabled","staff",null],[null,"2022-06-23T14:41:39",null,null,"{\"sex\": \"女\"}",3,null,null,"B3FE5501344A312773A88160297C34C4","用户","$2a$04$NhS9QaINX3bok2TFO0okR.sSx3px1ICHl23CsX.cInYuVizRvPlVC",null,null,"enabled","user",null],[null,"2022-06-23T14:41:39",null,null,"{\"sex\": \"女\"}",4,null,"3845196072",null,"机器人",null,null,"0ED59349BDA934EFB1F76B1EC65A4A2C939A3BC881759F14781A92C64A73A2A66F253E665F589DCCB29A17F5D4FB268E","enabled","robot",null]]}